x_norm,y_norm,Y_norm,diameter_norm,pitch_norm,depth_norm
0.740457055684,0.903638618443,0.928964861207,0.0399095694954,0.228869574246,0.0204289685914
0.443212606738,0.687569566383,0.30836968807,0.378220881284,0.289524105094,0.264655402584
0.936325312738,0.859860540516,0.496774497219,0.188135207607,0.0130494929424,0.12469685216
0.81868328862,0.888439207157,0.783348425813,0.0771657626902,0.0169056263661,0.0468258478154
0.517168667211,0.590686135504,0.234872183271,0.350510124787,0.175107067678,0.243864267007
0.272258313962,0.599176673946,0.225751440763,0.467413866461,0.287062181967,0.299763680566
0.825088243699,0.883621519271,0.727426303542,0.0971314288253,0.0467496593094,0.0671722504883
0.636131056824,0.808365215692,0.405412269155,0.291059960953,0.239637925149,0.196114773794
0.0482188378406,0.198807410219,0.0358409752079,0.574520139798,0.114178862272,0.402746879811
0.254729085729,0.636073927644,0.22869814768,0.509039594309,0.318644799731,0.331482167193
0.746260264747,0.905447116042,0.898647580114,0.0556753999727,0.208172900674,0.0289012270016
0.602995129876,0.18086984891,0.0489252264259,0.471663956505,0.0216025317693,0.302949304209
0.676952164048,0.864035444572,0.480207780887,0.269557639304,0.271059055057,0.177929882535
0.708899230384,0.857333074498,0.471620688124,0.250083413418,0.216408502825,0.162984842418
0.756237760736,0.933350735177,0.714272097928,0.144641966503,0.252073692243,0.106705350533
0.809518443707,0.883507133356,0.645521901669,0.133335497035,0.111165959603,0.102131484866
0.110731944378,0.112989593359,0.0199866791666,0.572314815151,0.0850645183395,0.40020102388
0.522552559673,0.73446258595,0.342598673824,0.343419592123,0.272523449114,0.238636770238
0.225497960819,0.630054856278,0.213115621053,0.519724369885,0.307290095529,0.341169709572
0.91975449743,0.839510297307,0.467929558417,0.202650820686,0.0341739458093,0.132812592919
0.722755717833,0.907989100102,0.577844904285,0.239872103517,0.317401461088,0.156346919837
0.377303764171,0.652109770431,0.278499698162,0.420973079497,0.301561832523,0.27976543136
0.88544202425,0.665225253217,0.272945004344,0.28607925203,0.0530644929638,0.191857959669
0.753635428765,0.932846464873,0.687356743215,0.161214939584,0.257443520878,0.113486655568
0.763794122785,0.862680253585,0.498242343434,0.221544945369,0.17033999889,0.144629236711
0.785022288592,0.89119391776,0.757043192838,0.0964888920764,0.122944031568,0.0665050541724
0.75818104845,0.935205649612,0.85204797343,0.0971722850625,0.319998406279,0.0672147025152
0.0,0.405640752058,0.0752519586374,0.577034006428,0.170192268627,0.405655836176
0.411503520138,0.22472621881,0.0634665845549,0.471903597678,0.085684594891,0.303129285011
0.757590163095,0.932580398172,0.740456940726,0.128345692296,0.246876246145,0.100126474901
0.687164493756,0.870154406393,0.489443525065,0.259231094194,0.259635420255,0.169374447956
0.496829997527,0.132448960703,0.036953587263,0.494172841367,0.0314100110835,0.320021304998
0.34604251206,0.472071671345,0.167538977087,0.413077688519,0.182839510743,0.277724888552
0.73794733671,0.89617256345,0.550876953922,0.215621294852,0.222084414981,0.140895713773
0.689019069451,0.780668769847,0.37848823527,0.278013244723,0.182710747688,0.185021223317
0.25418119594,0.484727293244,0.162574357737,0.454349919861,0.210514129875,0.290047035217
0.782384393107,0.863003611597,0.517642246857,0.206378296638,0.155941854306,0.135122621093
0.360174950675,0.578413103805,0.22660858939,0.399817013877,0.232003262536,0.274274341131
0.493311137072,0.361773823519,0.121352590162,0.400397484598,0.108277123185,0.274425998109
0.761824525065,0.922449729323,0.714306553072,0.13126713678,0.213611578404,0.101299365922
0.863629845076,0.622079895778,0.244331701594,0.299152576108,0.0546746000014,0.203088475935
0.789614924902,0.850588596411,0.492117610625,0.214728372497,0.144584110597,0.140335207732
0.441541727316,0.0727514921687,0.0143659997211,0.531463174883,0.0125841765763,0.354066655901
0.268181859406,0.539040766236,0.191712138954,0.451310379635,0.237927877739,0.28780260341
0.354162057581,0.642887446706,0.26842680528,0.441424575932,0.307910426788,0.285002788747
0.735125621962,0.889259856902,0.963470435122,0.00816007923903,0.191064646121,0.00405833467028
0.843232073977,0.884522807609,0.686382990441,0.109593191027,0.0362028766315,0.0802754642643
0.135657063474,0.336363047016,0.0786459954965,0.519840928123,0.152530191999,0.341296979467
0.774627691638,0.884890913393,0.906300642422,0.0204786340109,0.00110548083723,0.0103003860881
0.616075966557,0.791658579036,0.388360230022,0.30021825696,0.241674215315,0.20401209631
0.372800425367,0.319783371452,0.0989632510034,0.446763729796,0.126718787692,0.286358608956
0.406714865494,0.484028649434,0.176507961017,0.390351454986,0.168519686971,0.271793403897
0.739050870429,0.901675719833,0.93762641826,0.033847928723,0.227679972061,0.0172321574864
0.453774675881,0.47088214657,0.172291456753,0.379740438213,0.15279500274,0.265812157414
0.212634037277,0.502984084886,0.165863389896,0.470869072582,0.229104169903,0.302352590435
0.178754586078,0.428477361497,0.126364659415,0.486108387068,0.195907831653,0.313865970315
0.668868805217,0.845057590604,0.450673439413,0.272372298386,0.246858386066,0.18028181782
0.71927137138,0.85248972315,0.464972043638,0.248512697689,0.202131089525,0.161958702044
0.791179391745,0.723264987342,0.328558121063,0.274988702259,0.109043985884,0.182475783022
0.514650947447,0.733606201652,0.344436324706,0.347733820593,0.282487573448,0.241812946814
0.788970980645,0.892490048126,0.632737017359,0.150768327111,0.149844730909,0.10920146688
0.37856857493,0.639428517068,0.26762206134,0.406353582891,0.276560356834,0.275978875708
0.365917575425,0.343441807186,0.107572376892,0.44236137785,0.132993503241,0.285241022755
0.0205229337941,0.522637602186,0.102054319109,0.572477154804,0.202582135487,0.400388238722
0.782728625972,0.881292367956,0.853209068664,0.0518468829367,0.0502655071107,0.0268229223385
0.727686371387,0.818891630499,0.423774992469,0.256799467182,0.177086079255,0.167393253052
0.603818077065,0.803788854723,0.429423617991,0.320044281639,0.328805350976,0.221419385262
0.32827400654,0.258418660896,0.0706647616864,0.479416954026,0.1083443014,0.308791505325
0.901883107695,0.591278974978,0.215098187712,0.310725338525,0.0296623790579,0.213184335667
0.761323518227,0.917980003963,0.785419078471,0.102140732722,0.201760147326,0.0724020972077
0.571510184963,0.779561391275,0.402666085065,0.335553142379,0.326276826971,0.232881319218
0.749467266064,0.917721798339,0.876650967661,0.0726301544484,0.239754896952,0.0423147955507
0.351264628815,0.349374329244,0.108796728029,0.445809271141,0.13727333385,0.286116583472
0.714385866551,0.9034049344,0.558946960029,0.241269608542,0.297718268058,0.15725076059
0.80029009746,0.890082166735,0.840153079217,0.0557284322007,0.00359461010586,0.0289301096431
0.758718930743,0.930975828095,0.708485520638,0.14399048898,0.238153052621,0.106440648474
0.771858637191,0.753823282587,0.359175343253,0.267020601598,0.129365957777,0.175817276651
0.748633872269,0.921833111892,0.92179247019,0.0620586269563,0.303599735837,0.0323962052461
0.880019243024,0.448055941988,0.133317992043,0.361932638269,0.00469302366317,0.25236475819
0.227983910173,0.255905439515,0.0643527676875,0.5043244393,0.120835380742,0.327831283154
0.784691767403,0.897702213238,0.679854249352,0.127430647984,0.149698590021,0.0995711511233
0.751945410027,0.881991600979,0.91779553189,0.0243637234082,0.10848099774,0.0122978680083
0.261486305493,0.554455049458,0.199629679217,0.455764781874,0.251091595042,0.291093885879
0.758098747792,0.939357416692,0.758591529597,0.129404130087,0.280958378445,0.100551084135
0.81355681527,0.841537737764,0.48962063125,0.208634423487,0.124153531491,0.136525870553
0.519219699483,0.117957249445,0.0310744538024,0.501228747912,0.0182723350608,0.325442385317
0.246205942365,0.636564103833,0.224316662525,0.514179188025,0.31682879746,0.335478560049
0.791975152984,0.882005797323,0.821949725439,0.066286044644,0.0546298903713,0.0360740056416
0.90080530114,0.822337972585,0.453548761196,0.209562015891,0.0544768452154,0.137103914694
0.798217952393,0.615103122214,0.245622101781,0.304016646688,0.0798445561121,0.207314137398
0.779917054559,0.883533770984,0.844686951278,0.0592363527125,0.0693856304893,0.0308463351116
0.322488511037,0.344645915849,0.104771362985,0.455552745988,0.140945408951,0.290936915968
0.758866539737,0.941311207964,0.756911471938,0.13611796933,0.299587198516,0.103253142647
0.468887096083,0.710093503239,0.335384185771,0.381686702636,0.321818412549,0.26729626993
0.806017573423,0.88102696583,0.619579263781,0.148674886175,0.12461554685,0.10834711202
0.149807228748,0.383052924553,0.0974025518346,0.507859324257,0.170306530344,0.330566909613
0.277453721494,0.463827498716,0.156725909675,0.443823259034,0.197899449547,0.285612496409
0.469817009186,0.235927425854,0.0675207546724,0.461392012134,0.0764587652795,0.295270645982
0.761478576994,0.940755700793,0.792356121133,0.121750026315,0.312472147115,0.093357123965
0.376471037179,0.582566439587,0.230185318069,0.390979435845,0.227545554503,0.271958460669
0.889207841563,0.853876416122,0.527665207645,0.175943472291,0.047298343089,0.119590036944
0.731744245494,0.896402875464,0.987789500551,0.00246321947021,0.254673799201,0.00121863131062
0.721889891472,0.860732033997,0.478145729525,0.243815367379,0.206068376106,0.15890099886
0.669176856138,0.635591312133,0.26170684894,0.314577243696,0.134044412179,0.216576824496
0.420148318297,0.405910804346,0.139239258151,0.404483656142,0.139140117973,0.275491983391
0.265149729454,0.315422018575,0.0874525173784,0.479547628867,0.137079192512,0.308890317252
0.233463884529,0.657498852741,0.219542034395,0.536277872234,0.324234169121,0.359402828691
0.384759904385,0.450946984534,0.159993063421,0.402656440971,0.165027934485,0.275015650214
0.825683951766,0.360390509343,0.0976658946531,0.396603446392,0.0007006931256,0.273433732893
0.822833051546,0.873428910198,0.587699294269,0.160242772511,0.105666749822,0.113086339585
0.77595170285,0.881339728587,0.87879524952,0.0381401515195,0.0411982786714,0.0194923279169
0.741232003635,0.911519810395,0.946698196267,0.0395879393556,0.280519110151,0.0202585015803
0.243793197811,0.144956378892,0.0369703905857,0.525697525417,0.0829686130688,0.347712097368
0.399552946407,0.378510425681,0.125388308107,0.419295922042,0.13577336227,0.279332842996
0.750245303717,0.901885442828,0.572202130173,0.202968112225,0.211380029583,0.133008821814
0.672651053295,0.859468104635,0.499408988213,0.284258334161,0.332438173977,0.19030839605
0.125140535127,0.507858192413,0.143522654638,0.516451020662,0.232086419392,0.337602059391
0.641172530304,0.26709718133,0.0761572165202,0.432907659025,0.0416960990914,0.282830183702
0.832244393275,0.865131726817,0.555569398158,0.174473174893,0.0998950303468,0.118977511566
0.78900881369,0.527886669226,0.193309279707,0.326806767996,0.0629018002067,0.226536523998
0.313825766,0.637726498257,0.255909337907,0.472300539629,0.322216601642,0.303427487598
0.749189656281,0.876774376212,0.940340075956,0.00630407270741,0.0885852531257,0.00312990944088
0.755170818853,0.937836942777,0.687973281662,0.184355037937,0.32036435961,0.123108136593
0.127039823892,0.127043280588,0.0266483254248,0.559247566149,0.0910453661331,0.385232350109
0.74282809398,0.903861869055,0.572309981356,0.206721953124,0.224495338905,0.135336119799
0.778634416121,0.882852392214,0.83517424939,0.0645407667585,0.085894378656,0.0343712601132
0.630549967473,0.786951150735,0.38329452149,0.293582582307,0.225365925228,0.198281003876
0.218313325494,0.592820456031,0.20437370966,0.496500861344,0.285103183594,0.321806264057
0.906726072554,0.840747747799,0.482869777102,0.196680486924,0.0429608874892,0.12913429209
0.973500621478,0.750870160908,0.322840325566,0.262061779484,0.0160233982186,0.171708157046
0.855755108537,0.796282851772,0.416071517122,0.23133946015,0.0890261006058,0.150860156966
0.745019493635,0.928654300863,0.63552365418,0.208791538214,0.309791005862,0.136623733742
0.208851285212,0.508134668345,0.167283270243,0.473359899922,0.232195260936,0.304223845725
0.391764552346,0.122172379831,0.0350531378067,0.506241150071,0.0534258615626,0.3293135816
0.749120065219,0.876665949625,0.942847603843,0.00430788723963,0.083561958933,0.00213488489238
0.760342711952,0.923393431637,0.742280309851,0.120722338585,0.218297487242,0.0922398275983
0.0625616779022,0.184339249934,0.0336454166802,0.572102588045,0.108555861324,0.399956323858
0.750268615642,0.919443265714,0.61521835043,0.192040617886,0.233956677724,0.126343201646
0.751196397349,0.919145157756,0.863451245757,0.0777706603301,0.236593112742,0.0474305789466
0.84569639813,0.845156870759,0.510642510404,0.19255719308,0.0945398287054,0.126609541234
0.294948811283,0.364717620175,0.112660164339,0.456268346433,0.155118463556,0.291466792718
0.903756108301,0.810004674503,0.43065449879,0.219269174656,0.0549865214135,0.14319176596
0.659349309868,0.804274890688,0.400994518008,0.281797486839,0.216081648771,0.18821997082
0.00351238764787,0.348475814654,0.0648602495234,0.574056439206,0.157595951001,0.402211108376
0.467776018271,0.367352294462,0.124190697343,0.402593369752,0.117741953193,0.274999197778
0.239788350769,0.564895058605,0.201079818249,0.469642514642,0.26445223169,0.301432646158
0.767152008008,0.907204338959,0.63321150115,0.165051707456,0.192596639509,0.115069620323
0.721904755153,0.904474408942,0.576745955404,0.245591537449,0.332033501732,0.160055243878
0.25229561108,0.125513646901,0.031915197285,0.530149769984,0.0737691337816,0.35261569222
0.75492071081,0.931236119804,0.819632863116,0.100708131281,0.2658060454,0.0709013014994
0.734113017038,0.901236681261,0.999305390611,0.00483110599741,0.31713344443,0.00239533743936
0.59434416186,0.156892267441,0.0398606091149,0.485568679558,0.0093846073808,0.313455574773
0.454140000036,0.138458768724,0.0392224495328,0.494912315747,0.0439735156113,0.320587888523
0.763235617711,0.895334339777,0.577894455084,0.192136170472,0.191048446734,0.126383545598
0.753675087675,0.924340665548,0.838953342242,0.0889768794292,0.24291157343,0.05876595404
0.840388703726,0.863261415024,0.572499977903,0.161625091141,0.0888358851574,0.11365564074
0.767818190284,0.897222674574,0.81282142547,0.0813180727066,0.146105165153,0.0509917262766
0.736882392878,0.900813938985,0.958058771769,0.0226498286737,0.237432322517,0.0114149808105
0.735701082264,0.883578590899,0.967233461023,4.46263498644e-06,0.163262296348,2.20260115059e-06
0.896063998478,0.512897864014,0.168102808742,0.336498929,0.0159807975654,0.233570847366
0.756167948603,0.916172821175,0.824659079734,0.0883537617319,0.209330494635,0.05812906382
0.775731925952,0.889993342888,0.571663980472,0.189554989631,0.171097824572,0.125294782265
0.766140564444,0.880942224135,0.876339757964,0.0442784297143,0.0904189694433,0.0227539075896
0.754054900205,0.926088137625,0.647473887174,0.176830180033,0.238089976893,0.119959787579
0.142179793467,0.598686871766,0.171318380343,0.540792792661,0.271736831313,0.364431306649
0.320094169152,0.631982055731,0.25441207012,0.462083407888,0.311233800736,0.29578528315
0.734139933402,0.916352486888,0.605468629562,0.230652601967,0.331352400696,0.150420858627
0.711647872803,0.897380427569,0.538937470114,0.242818786308,0.273962029431,0.158254406491
0.567452364593,0.775463868983,0.390750031553,0.332511240343,0.305472948774,0.230668159622
0.757028049766,0.904643679235,0.840963637378,0.0764060371983,0.179794759467,0.0460673710928
0.685017125922,0.869380402944,0.488546381353,0.260753100792,0.262424608365,0.170628162415
0.857475952151,0.600020282745,0.229905999635,0.305695499272,0.052316414083,0.208778584279
0.0518350962495,0.547713517618,0.118844475677,0.559145775693,0.219180659505,0.385116527623
0.631091725031,0.695063249404,0.30279213119,0.310040712952,0.171731274957,0.212583047099
0.738993998681,0.901410245681,0.937957718509,0.0334361879826,0.226705584003,0.017016233069
0.145946228891,0.350296819364,0.0857398429832,0.512679569539,0.160014910093,0.334310683091
0.326273124561,0.0637686778446,0.0142482286783,0.542264893718,0.036448995249,0.366075990805
0.687822770274,0.252778237279,0.0688464193868,0.441336263823,0.0229267586742,0.284980323467
0.592769348895,0.673334673979,0.287832657727,0.320825834507,0.180396106538,0.222114308358
0.842542241868,0.857820286597,0.551336178737,0.172207794601,0.0912467954971,0.118035163173
0.935428241187,0.874973531675,0.521314965989,0.176513304524,0.00233549319166,0.119827622474
0.281217837349,0.633197333392,0.240995839,0.490771223043,0.320008961352,0.317419677176
0.927388930428,0.735803788887,0.323861559806,0.263892294473,0.0395345166817,0.173221909109
0.300838705062,0.387379342277,0.123417610335,0.448950684511,0.16318508606,0.286912591295
0.742026426528,0.911479120374,0.927002772964,0.0481498366261,0.259703654655,0.0248287293766
0.786513266306,0.888220632493,0.601543538728,0.167661235202,0.156342818011,0.116149054748
0.300932673956,0.196170053988,0.0522518375378,0.499454042993,0.0950960654069,0.324075750191
0.776176345079,0.889318874819,0.809550046988,0.0776705314111,0.116271391822,0.0473304262761
0.824238564075,0.858194520796,0.533112262859,0.187392510931,0.112345865928,0.124384338574
0.760756471212,0.918619312376,0.786826242419,0.102082795988,0.204352752304,0.0723413237652
0.0311340753172,0.555792227302,0.111219268876,0.572587565613,0.213476328801,0.400515584377
0.751394403492,0.931802600513,0.67049906532,0.171553937178,0.260647009171,0.117763491191
0.74116107229,0.879434768196,0.954807572641,0.00229884617888,0.126929817825,0.00113713784824
0.204198205686,0.53501485978,0.177039124407,0.481155813159,0.24621120186,0.310107305474
0.758853014646,0.897365752147,0.845716558557,0.0708968199901,0.161610760311,0.040601706346
0.803157967759,0.785260552053,0.396929637852,0.247950222214,0.120393799705,0.161591689892
0.423418450325,0.656069202437,0.280439655591,0.377272037745,0.261055485045,0.26393397877
0.162092565088,0.541707451858,0.167301561963,0.505424356082,0.251135316407,0.328681611611
0.397133845218,0.664146915582,0.289567356567,0.414797113096,0.306243829056,0.278170153167
0.758927439503,0.877518071476,0.940513041908,0.0,0.0235594075805,0.0
0.583043270631,0.779988455979,0.382175417403,0.314342251209,0.265875549942,0.216369399102
0.761072255892,0.817685871232,0.432197182371,0.243837804588,0.156238354037,0.158915566331
0.247805172931,0.0527455063126,0.00668086235687,0.564215546097,0.0359397163944,0.390899770758
0.348781257615,0.268502650666,0.0753612341022,0.471692422277,0.109236374835,0.302970682438
0.1777424987,0.320695795865,0.0789706483168,0.5079259046,0.144897485539,0.330618515397
0.226970971648,0.317919773854,0.0842449091561,0.49106850637,0.141286394169,0.317646738317
0.519361152706,0.402116324148,0.140460752081,0.382042620386,0.113211626396,0.267567978054
0.611203956519,0.806551713056,0.435756507225,0.319547267619,0.334469770736,0.220977805782
0.163168227096,0.558965557245,0.17416467043,0.5103431411,0.262254857803,0.332494100129
0.545149175037,0.688460105775,0.298683526911,0.331839643494,0.210448564807,0.230180470087
0.815004175715,0.884903776221,0.722183502126,0.101552083518,0.0696352878408,0.0717849303114
0.056847846232,0.24604322247,0.0489755243086,0.558884376913,0.12979943912,0.384819154922
0.258514670407,0.309766344789,0.084563562694,0.483041629162,0.1356406088,0.311536584411
0.772253114359,0.880267342656,0.887939574187,0.0332608325264,0.0444897225058,0.0169243201702
0.925214390556,0.536636701976,0.173987937508,0.333059247785,0.00663000173619,0.231066354324
0.766447926277,0.841873209291,0.469474291779,0.229278182745,0.161777270995,0.149542872894
0.226720646903,0.63075936953,0.213778295823,0.519629574422,0.307974276826,0.341066217205
0.775292391255,0.88271455184,0.857938491719,0.0526556457326,0.0717690426236,0.0272608396209
0.75635705548,0.935521506535,0.745297628914,0.13091616488,0.264493922189,0.101158309092
0.219530694506,0.455291425245,0.143704171995,0.469443132794,0.201624310199,0.301283200817
0.175525818087,0.595528386855,0.186557985957,0.522346270009,0.280206034065,0.344036351529
0.808279510397,0.884901639898,0.657343561693,0.127432345698,0.109371658399,0.0995730180172
0.88731884847,0.815681829866,0.438283344216,0.218622627479,0.0641000726293,0.142784088744
0.0086397732922,0.370666726321,0.0703999650036,0.569093616999,0.164165525965,0.396492617823
0.430794983849,0.687674785784,0.313304486656,0.402489858326,0.320664486374,0.274972195931
0.477115264727,0.711291565458,0.3286273246,0.36537122902,0.29330621377,0.254942864957
0.43043545619,0.441137377866,0.157189997331,0.390929408854,0.148608350871,0.271945313871
0.743082137899,0.912949754167,0.931291079811,0.0481493353226,0.268837663966,0.0248284603937
0.863655653104,0.859459397753,0.546079776153,0.171364552975,0.0667363344472,0.117684830737
0.831824969075,0.810368715101,0.430636146184,0.230186735951,0.103990191335,0.150123101564
0.402807948486,0.0634698331537,0.0156450717458,0.531283162989,0.0253854792814,0.353867671843
0.12226624874,0.111830935422,0.0207435779012,0.568492962351,0.0836294563806,0.395802453709
0.767296683577,0.796527744553,0.403521062776,0.253398745519,0.14316615818,0.165156797595
0.231448458384,0.536334692264,0.18392862496,0.467874610913,0.243681954486,0.300108446378
0.658165435415,0.849570529155,0.472438605061,0.286998022526,0.303999205259,0.192641176558
0.571801259268,0.776296287814,0.381898634013,0.322239740426,0.279034950803,0.223246295914
0.0232420613912,0.360869906651,0.0702466178021,0.562021854792,0.160761824112,0.388393680499
0.200453191744,0.593671561164,0.197111326983,0.50746211615,0.283830366821,0.330259098708
0.916594654261,0.858939619695,0.518502775721,0.177720967972,0.0240347526239,0.120331502413
0.866145764674,0.845242625396,0.506738702959,0.19096247163,0.0739679277736,0.125888195265
0.935035732775,0.853445447167,0.487999102846,0.192321913764,0.0179380639278,0.12646585991
0.209123375087,0.555669033637,0.188560311879,0.483127773263,0.261100887479,0.311601930562
0.435514252572,0.691042372451,0.3172669771,0.401925421566,0.324669813779,0.274824926084
0.745309742829,0.907034366827,0.899359132304,0.0569277750435,0.218789048653,0.0295839902654
0.230293194375,0.535690958617,0.183351074602,0.468353745969,0.243417860322,0.300467124927
0.792866591939,0.884168383134,0.831240208473,0.0623729726908,0.0397190368738,0.0325692814604
0.0784092778322,0.512721305843,0.123301423527,0.539995673544,0.217768646863,0.363541788711
0.737540847787,0.866398498045,0.496260434136,0.230794925656,0.197572598888,0.150511855454
0.856713386584,0.703797443421,0.307014833352,0.275623450715,0.0720567294804,0.183009163499
0.211274248693,0.185470927425,0.0454296624055,0.523874020925,0.0994538602374,0.345710406944
0.685653527606,0.83988684834,0.445081257998,0.26439896763,0.223467329855,0.173641548069
0.0489664433532,0.559293501141,0.120018515181,0.563108975415,0.222229659299,0.389634915405
0.798739307717,0.88362318358,0.789777139559,0.0783173990089,0.0633719594085,0.0479777943163
0.39555097713,0.203426319315,0.0564126163075,0.481704301232,0.0797834569132,0.310522765121
0.745366264464,0.912544630376,0.905816117963,0.0586394810971,0.240865543254,0.0305194945396
0.810381079499,0.879693469345,0.618315260348,0.147618833451,0.1175923347,0.10791667969
0.741636763053,0.912925001074,0.954003876493,0.038086486202,0.300917711598,0.019463965865
0.751732705229,0.891710281108,0.889032751589,0.0488808586151,0.155310091781,0.0252220504149
0.50327423341,0.392809384396,0.136462748578,0.386214592354,0.114888293558,0.270704439695
0.429577235365,0.472662873636,0.173032597736,0.384110469002,0.160659784952,0.26914846497
0.751438062092,0.920169829089,0.861087657672,0.0791788477717,0.239068834216,0.0488412077119
0.218370854495,0.43773283471,0.137162061605,0.469176692554,0.196537974239,0.301083533528
0.436129370004,0.641773738077,0.268142853094,0.371263765126,0.238440175725,0.259381433642
0.717196480966,0.902877785801,0.566106222009,0.245750200014,0.317260156242,0.160158465872
0.671496818392,0.845220235632,0.45037179195,0.271405183109,0.24358421139,0.179472727144
0.758151644213,0.931173773334,0.76847797911,0.116860965496,0.24296621325,0.088060624408
0.660087020792,0.85191369183,0.4815648267,0.287726486316,0.31834590575,0.193262813296
0.239005432738,0.235980006362,0.0590668230523,0.507136015623,0.111421268062,0.33000646821
0.48096465368,0.661494054253,0.281578766504,0.353181382636,0.229388664427,0.245843423341
0.695801157383,0.323846789993,0.0978472919963,0.398146598179,0.0406667961282,0.273837606817
0.782976190753,0.883680452195,0.815095169133,0.0719623716406,0.0897029429352,0.0416541006962
0.764006455096,0.69808315919,0.30819153811,0.285320379271,0.116300703543,0.191211738455
0.834905526009,0.629070869126,0.250250761883,0.299616201763,0.0656257832357,0.203490147257
0.186479025898,0.288032546789,0.0698947421212,0.511226905622,0.133480164083,0.333180802914
0.418807102054,0.682549409648,0.309563802282,0.418682176653,0.332713981283,0.279174423219
0.429182173672,0.392581483649,0.133465486811,0.405917045714,0.132992542145,0.275865262079
0.762981027495,0.921628452722,0.712543353273,0.131135061389,0.20944159798,0.101246280384
0.781182632938,0.881227205446,0.562398644586,0.18929070448,0.163063964225,0.125183428926
0.198857823518,0.219422816367,0.0526910953585,0.520999432816,0.109744549958,0.342562793288
0.239132154286,0.352005803282,0.101911953678,0.475776219088,0.157851347758,0.306043076812
0.0938201572663,0.513341600092,0.131958340482,0.532324486691,0.225860583881,0.355019271516
0.466591353318,0.274791668527,0.0834520213817,0.443181505249,0.0934500514252,0.285449466391
0.0433395275526,0.244066521258,0.0472036383955,0.564881887011,0.130164665686,0.391662111242
0.518942433939,0.215092998885,0.0619804616396,0.460694717019,0.0617593766155,0.294751940014
0.823201617106,0.887580216788,0.750567790005,0.0892462809771,0.0321874424393,0.0590415488617
0.820948316413,0.857296358152,0.530485171571,0.189399929215,0.116429025106,0.12522944654
0.518897534459,0.73412702151,0.343430530401,0.345398337913,0.277030067751,0.240091809671
0.900524689216,0.880529226839,0.583943753073,0.14581799098,0.0101146495852,0.107183538093
0.773430815597,0.909028352756,0.724181088641,0.117569129078,0.170048627267,0.0888248436017
0.431901358376,0.685939729924,0.310770203062,0.397600009375,0.312209109137,0.273694598993
0.92715941634,0.536448776929,0.17321401274,0.333617787768,0.00554732909306,0.231472433629
0.837374520969,0.865917503947,0.583400680296,0.156654749381,0.0898162877057,0.111611599766
0.758467511389,0.899457790531,0.845335705824,0.0720865372884,0.165441470545,0.0417768826782
0.161940597407,0.418930608404,0.118154474523,0.49485865043,0.191131539063,0.320546759169
0.681101870329,0.83438095495,0.437658220811,0.267438567288,0.222742690842,0.176164839328
0.509724013258,0.722579605803,0.33193804441,0.348074880121,0.268765174254,0.24206463344
0.635802529365,0.833298329529,0.446251472467,0.29328284156,0.291281273363,0.198023248108
0.919871862663,0.813954885781,0.426245272984,0.22045855603,0.0423951824666,0.143942545047
0.867270949412,0.891359412341,0.669498863874,0.113005843196,0.00664842896388,0.083917913919
0.737905440777,0.906562889281,0.980703054733,0.0205638556102,0.316175191233,0.0103440523605
0.73925391854,0.89763669249,0.941527746963,0.0278217487149,0.20630653427,0.0140874088109
0.868974266496,0.432478419551,0.127242239222,0.366728539322,0.00512725894047,0.255962955649
0.75689389328,0.89129088048,0.559146938304,0.202019922448,0.19573097985,0.132422635904
0.744615244423,0.541121241205,0.204037332767,0.325602825564,0.082318616894,0.22566764893
0.890905149479,0.596983065518,0.219828273145,0.309320011614,0.0340908636681,0.21195061977
0.736974960251,0.902864206824,0.957787979873,0.024829183731,0.249034530944,0.0125381079191
0.646821312454,0.802064438609,0.399062797762,0.285823277148,0.224759680984,0.191639912581
0.296826257682,0.385770288493,0.122268427892,0.45098836189,0.163364410222,0.287565181217
0.236346485549,0.699518860023,0.212599896797,0.575705567592,0.334591235576,0.404117696335
0.156390572663,0.555839861776,0.17047889,0.513080511581,0.259539949148,0.334622783125
0.362823722953,0.113855235261,0.0326384581586,0.512744074899,0.0567787713745,0.334360888357
0.70651304885,0.652171878147,0.2746115648,0.304195423411,0.128026838982,0.207469937546
0.314021470881,0.0699533513597,0.0169079888346,0.539848021568,0.0427861956047,0.363377103789
0.277978381763,0.509012431411,0.179099749982,0.441124654302,0.21886344018,0.284926485889
0.730326480441,0.399302572234,0.13189032787,0.365670163547,0.0520748734056,0.255167410727
0.114441667904,0.467889347606,0.122583793049,0.518963773572,0.20704287284,0.340339615992
0.109849038843,0.656937440332,0.155603913357,0.578345225231,0.268372524197,0.407176054948
0.126447691237,0.118471891525,0.0236929560614,0.563358722763,0.086943117488,0.389920258943
0.693101421728,0.880627968357,0.519453413799,0.265348118669,0.307179043125,0.174428401439
0.0723086866374,0.405934376875,0.087828562186,0.539162491581,0.172517824836,0.362612822736
0.392313174062,0.604198052096,0.243628489817,0.385619265994,0.233729994975,0.270303683053
0.277631711338,0.0663066665695,0.0151972414248,0.546721724953,0.0479768291298,0.371070730529
0.797910603745,0.769011269056,0.376843714643,0.256742303075,0.11943909543,0.167355587807
0.767983484757,0.909732674867,0.763642944596,0.104620968087,0.175862210442,0.0750100909576
0.737004756362,0.883599019456,0.961746442456,0.00314247799423,0.159032748366,0.00155565917365
0.763364809942,0.897162122056,0.58384087836,0.189540500925,0.192070964293,0.12528867698
0.600398503934,0.727579738622,0.327912498748,0.312326861165,0.203053235408,0.21459289389
0.977759652869,0.770455360753,0.340246323796,0.254928775557,0.0132205442098,0.166161936454
0.619867129142,0.620992774404,0.253963700961,0.324145939327,0.15007028955,0.224617680291
0.27078311703,0.541666467413,0.193546333036,0.450278128493,0.238996076213,0.287248461211
0.794698260733,0.865387466947,0.527640416013,0.199325514196,0.143453491842,0.130760586716
0.743002697311,0.926311762271,0.63323665873,0.214655133085,0.325805024058,0.140289261708
0.745662539706,0.924472757608,0.62690578423,0.192604059791,0.254061336702,0.126638166708
0.851239670283,0.872299928054,0.623579894906,0.130993140811,0.0566264020421,0.101189242815
0.652845704365,0.278829205857,0.0803699795777,0.42558675155,0.0417879601459,0.28095301635
0.818566325633,0.884646941838,0.750211295052,0.0897866784247,0.0443815567848,0.0595948083525
0.329707132312,0.531116389582,0.196942769708,0.414567485074,0.214737738082,0.278110716993
0.781241979718,0.882671100367,0.865333377402,0.0451704399038,0.0380841586975,0.0232307495398
0.385486985817,0.0957595923182,0.0262620206487,0.519651954782,0.0410519645817,0.341090648771
0.237097024597,0.0659061363902,0.0150614165162,0.552015306709,0.0570219761399,0.377033295562
0.42549270531,0.524214139077,0.198048944632,0.379210630157,0.179564381764,0.26540864839
0.744432426447,0.917029608325,0.92915012462,0.0531792133356,0.288282423747,0.0275446519729
0.89317193035,0.836447803682,0.485632499923,0.196205643957,0.055492020411,0.128842889835
0.798353861726,0.888859611043,0.645412787539,0.139116472435,0.131413655436,0.104464772758
0.151769454906,0.665306896027,0.176112679683,0.573566469275,0.29082973157,0.401645255345
0.758018841123,0.939801995688,0.774850773354,0.123860842328,0.289662288925,0.0956586134972
0.757817528093,0.887903977701,0.877954275706,0.050704107287,0.131322748685,0.0262051702134
0.521039851471,0.697820213685,0.307585650557,0.338529717331,0.232163897971,0.235053661536
0.715088394226,0.75308433285,0.355035913382,0.27832625451,0.158182052988,0.185285215734
0.762229413263,0.91264778094,0.624013121761,0.175842973854,0.203931014668,0.11954814582
0.539947612071,0.17478621627,0.0485173975284,0.476395499488,0.0358209582438,0.306509953886
0.120403797805,0.63601305654,0.161121009456,0.56683021608,0.270229588688,0.393894113538
0.540193886401,0.632414742,0.260869862467,0.338937114302,0.185350578805,0.235351502699
0.723302259651,0.908069565092,0.563392548037,0.230793124581,0.273179419025,0.150510703763
0.121574151111,0.545825651449,0.151804843422,0.528292461097,0.244903181135,0.350567287746
0.748600319825,0.92179211504,0.927943994753,0.061915577153,0.326703465177,0.0323174718119
0.73858136819,0.681619810064,0.295944735458,0.292725836495,0.123719235084,0.197544524668
0.792096589514,0.884631049575,0.794978713573,0.0780668195996,0.0769769520991,0.0477269229801
0.758439277372,0.939944110138,0.787624208585,0.119995895513,0.296525470146,0.0914513151526
0.356252855796,0.613461508233,0.248548166641,0.408744927322,0.262043009211,0.276600686207
0.26701113592,0.46705535085,0.155686018095,0.450491518416,0.200015548016,0.287302425982
0.859957995456,0.446655951231,0.138061001414,0.357627518535,0.0149032326536,0.249149460249
0.750935102028,0.919706211802,0.622377471007,0.187307444374,0.233411828139,0.124348556209
0.8375781383,0.869873145718,0.602060500695,0.146664429061,0.0834245867693,0.107527996694
0.140191651124,0.412683286519,0.108960795239,0.506752404729,0.185758093583,0.329709377697
0.761958767592,0.653233308867,0.27228466359,0.29852503712,0.102442141196,0.202545168114
0.45020115986,0.469343263959,0.171529752009,0.38064998369,0.153314303479,0.266505372087
0.755655813905,0.931580039763,0.876231483964,0.0847637824845,0.309277709423,0.054474856765
0.723006060918,0.908015843939,0.579834926079,0.240668643809,0.322923536796,0.156861904528
0.486858721802,0.0943298077487,0.0225179263612,0.516769816112,0.0144977691185,0.337948968029
0.107420156336,0.543843284213,0.144310220527,0.534525154901,0.238948041803,0.357457146473
0.779166535857,0.897200362009,0.605583980415,0.172002756291,0.168281477866,0.117949956079
0.740965697623,0.893952758217,0.547190944492,0.215335368376,0.215539991518,0.140716165985
0.765015617328,0.896037530465,0.828883539261,0.0753568916101,0.145626047045,0.045021841018
0.535173403924,0.375632308061,0.127858662081,0.387397632496,0.100263021337,0.271016147723
0.504564596319,0.100792274704,0.0235631515698,0.514464212671,0.0113802224817,0.335700701654
0.857991256,0.895118387647,0.69865457373,0.104029326566,0.00183017758342,0.0743868556136
0.753945094569,0.92069279273,0.826407613255,0.0908631321349,0.230205069404,0.0606986222145
0.609304817442,0.518099555039,0.196085585392,0.345287704876,0.122392810903,0.240010380152
0.179234010303,0.497955413685,0.156351829131,0.486297884968,0.229440118708,0.314010109674
0.778239442894,0.890804735465,0.789548113934,0.0854816052033,0.124062940577,0.0552034617956
0.778644978397,0.882849575049,0.838421217406,0.0631605489527,0.0822160173776,0.0330289898287
0.758309968193,0.906783372652,0.594100737284,0.191232800848,0.204699008267,0.126002244688
0.00663769199291,0.497057973331,0.0948202113083,0.575299472976,0.19703646369,0.403647908408
0.645482820364,0.838786613553,0.457837002051,0.293486220917,0.302112445287,0.198198128662
0.238665297294,0.481494143488,0.158999153489,0.460363941966,0.21178500408,0.294505996555
0.76641442517,0.912817879031,0.743991784823,0.1134338117,0.188305309712,0.0843763413174
0.753252446319,0.936288316829,0.670008346965,0.190883456892,0.30789455003,0.125854863633
0.704084547812,0.8909378142,0.541760101588,0.25799665752,0.317105725479,0.168359454733
0.770371739636,0.858683392013,0.498887593169,0.21798380141,0.16473476293,0.142381586842
0.0566639619017,0.359257230228,0.0742039504649,0.546722277938,0.160133342218,0.371071351205
0.661191803883,0.827399359985,0.426733153936,0.278794658053,0.234363343477,0.185680468305
0.194010005618,0.611945430037,0.198718450818,0.521145095083,0.293946415598,0.342722056851
0.758257661144,0.938377827748,0.783216172378,0.11892581921,0.280525691789,0.0902917293999
0.557731527691,0.648921376737,0.271561458191,0.332464756069,0.185431996858,0.230634393587
0.461973452088,0.461813938329,0.167643563577,0.380056967461,0.146571901088,0.266053330772
0.752536920287,0.926174223927,0.843551128844,0.088983990704,0.256285862391,0.0587732270025
0.196284750677,0.689294185835,0.192774033028,0.579323335593,0.311386210821,0.408311375251
0.587513910188,0.648625105066,0.270430413922,0.326812341767,0.171034310747,0.2265405504
0.773537636923,0.880439396919,0.883811709112,0.0355415542572,0.0449985598677,0.018121959698
0.761574694362,0.916101031026,0.780906540339,0.102747850051,0.19950448621,0.0730393509368
0.90316780558,0.492591636452,0.153341354399,0.346948296058,0.00643677055275,0.241233597377
0.756760374467,0.921839545631,0.797020113721,0.101175658835,0.223933440908,0.0713906334284
0.759763047133,0.93637085228,0.852482558456,0.098828687518,0.331737562357,0.0689386177582
0.754916730508,0.930383634346,0.878234155902,0.0846715762284,0.315298440992,0.0543813403949
0.75338819734,0.914690733725,0.843577490434,0.0814247857564,0.213700063737,0.0510992436558
0.864279883757,0.858114111419,0.541627800282,0.173561619034,0.0672921058833,0.118598118557
0.66791421511,0.860297013513,0.478822702426,0.274909431702,0.284697516293,0.182409201079
0.735269321364,0.920457824739,0.598784007685,0.215043405585,0.276926350918,0.140532893444
0.532362170827,0.750917524771,0.363560984147,0.34240294599,0.295382869957,0.23789033658
0.734099906344,0.90077373185,0.984971849908,0.00947956954927,0.275702648514,0.00472029937405
0.149604731961,0.129882747771,0.0289358991948,0.551598633038,0.0895345168515,0.376562779226
0.287529789406,0.606746263821,0.233852966641,0.461819688642,0.291250902059,0.295588949303
0.656507336538,0.741567246094,0.340910903286,0.29488027625,0.181453053739,0.199398045161
0.94194546651,0.826387149326,0.436172627869,0.214288729305,0.0258237830841,0.14005945583
0.732118849914,0.918681212414,0.593656277039,0.218873504053,0.281532607674,0.142942240233
0.719548049166,0.881764085942,0.514125812133,0.234989073844,0.229269043668,0.153200296622
0.563454767238,0.324246008264,0.105068500746,0.402866481979,0.0812340220594,0.275070433054
0.819008677208,0.815503529604,0.440945613895,0.227590751152,0.115308499555,0.148466870607
0.252242017413,0.603585609255,0.221669844941,0.482543317954,0.294683056421,0.311158678106
0.11934782584,0.584933169272,0.160797531822,0.543074710802,0.262887625573,0.36698182634
0.18047551976,0.63069490746,0.194077307749,0.540061377898,0.298315729993,0.363615082714
0.755554366784,0.907976955868,0.836935155124,0.0798052213579,0.19359882463,0.0494699408706
0.827901269512,0.884901588203,0.725496468262,0.097562844437,0.0413974971756,0.0676206865987
0.0872361564336,0.613497661152,0.144749112135,0.566571737264,0.25178691554,0.393597748653
0.755410182199,0.932934061571,0.700153556627,0.152651634012,0.252564302747,0.109971311082
0.74976966167,0.876841823404,0.940391646255,0.00590301955139,0.0835915966802,0.00292970696672
0.202274565465,0.0613508523605,0.00972578464816,0.56650764535,0.0538423012865,0.393524273243
0.822844110451,0.878611908473,0.659430469859,0.122411752136,0.0855536753135,0.0940776678507
0.644790276824,0.441297888761,0.157051281195,0.357880816353,0.0906573755222,0.249338252151
0.0555942252095,0.462673122779,0.101341071581,0.544862785538,0.194671859147,0.368984616327
0.486640968945,0.257037706639,0.0753946963609,0.451485735092,0.0812786026377,0.287931920216
0.397075287645,0.515748517279,0.193493490142,0.38695051368,0.185694647681,0.270898367988
0.201920735669,0.556928075532,0.18692551322,0.487554190362,0.262355565693,0.314966315897
0.483948815865,0.680765935297,0.295537583887,0.353879341849,0.241522515014,0.246361427312
0.321168503013,0.644585392239,0.261562593816,0.475019814086,0.330810417418,0.305473166101
0.751106692329,0.926348610286,0.898013356119,0.0730937439271,0.301518895657,0.0427739888899
0.195038878597,0.605229301222,0.197772620567,0.516913948627,0.290375401581,0.338105849669
0.53021833529,0.720098598396,0.325638096333,0.335876521913,0.24420112957,0.233117003797
0.575382738983,0.78366725309,0.393965387358,0.322181573713,0.29365569263,0.223204490975
0.73887802881,0.904343689372,0.946643313415,0.0317947496957,0.242588950913,0.016156973964
0.606038943999,0.382097908609,0.13060339151,0.376448672546,0.0854016693635,0.263308504683
0.744225208889,0.89785525335,0.558164746677,0.210371587491,0.215414223821,0.137608937984
0.437050458348,0.625384325006,0.257585205292,0.368674271433,0.227562304058,0.257427685414
0.102217380516,0.639184947581,0.153851281725,0.572623439824,0.265628174768,0.400556962557
0.617378497345,0.51310209173,0.193063658683,0.345495185102,0.1178037418,0.240163099856
0.77298269151,0.888086937758,0.831241850488,0.069411519663,0.10964652159,0.0391385293139
0.632381813896,0.706228109384,0.311541495674,0.307395799379,0.176514920099,0.210264852828
0.823476766294,0.826016757198,0.459136575301,0.219382254778,0.113090344945,0.143263102018
0.579043262014,0.25359392841,0.0745147177261,0.439050363678,0.0591126582119,0.284398358571
0.0404618087884,0.454622128135,0.0940321342923,0.553046271,0.187144744165,0.378198350632
0.049476195852,0.537638317714,0.115281669807,0.558525084408,0.214135711791,0.384410545649
0.718899245208,0.90774614355,0.566440061447,0.234830333757,0.290397924503,0.153098305555
0.669386738802,0.856619251985,0.495415887265,0.286283659835,0.332430882554,0.192032129886
0.935408340182,0.853302231257,0.487326534334,0.192602992583,0.0178117902123,0.126637514755
0.393582301883,0.271078164591,0.0781422156553,0.462088904139,0.102737713793,0.295789376277
0.782724144075,0.88788534661,0.589636380754,0.17565961563,0.162359185594,0.119471725499
0.884557072105,0.844621802695,0.508874314093,0.18597265397,0.0580564173994,0.12378739891
0.605572217883,0.484903588206,0.178486032124,0.353282855255,0.112570123862,0.245918710737
0.772901294212,0.907718859023,0.659559387996,0.148323707552,0.180554140562,0.108203934605
0.797410922921,0.510306677383,0.183081452473,0.331201391081,0.0563515728123,0.229717304559
0.751296169213,0.925361225043,0.90535165152,0.0719257609791,0.315268110441,0.0416179040844
0.437245773303,0.681361566284,0.302471399353,0.379534211246,0.284661266343,0.265655067956
0.736994931718,0.899312388442,0.950220677951,0.0252756151921,0.228463377153,0.0127687117105
0.566667610474,0.537504757717,0.205420894414,0.349357622816,0.139215497764,0.243012019527
0.261929587426,0.636808131827,0.232554033115,0.505623099674,0.320876460622,0.328835341217
0.66465352711,0.855509922409,0.483903545753,0.284025961889,0.311326874197,0.190110911206
0.376726414389,0.598988525771,0.239232316568,0.39455169117,0.237077352167,0.272896134182
0.751451383399,0.936899833777,0.674800685411,0.184063245693,0.299316448,0.122985700744
0.74939145586,0.912167558306,0.869476570575,0.0716482533015,0.22044689464,0.041343624985
0.139370358269,0.103690969831,0.0190610751405,0.567082046164,0.0776381825661,0.394182933697
0.827317951436,0.886564185569,0.751401108141,0.0878033330457,0.0252936963371,0.0575671162527
0.749312994109,0.932846419884,0.6493858717,0.199755038291,0.302720669456,0.131025174092
0.842834116096,0.862851003648,0.570876024429,0.161886497673,0.0860440446944,0.113763371499
0.626452396956,0.810104143655,0.409871146272,0.293966516206,0.253079704766,0.198611300218
0.517337353025,0.640685248653,0.266252586837,0.344061454437,0.198976562777,0.239108432705
0.457876010022,0.482762700514,0.178281973423,0.376942712338,0.156145097186,0.263683743401
0.159706572758,0.639138253029,0.182956941392,0.555311408393,0.291901186902,0.380762451525
0.72790939583,0.785534945064,0.387794130098,0.266434203092,0.1638004726,0.175329970087
0.760593913931,0.878512994739,0.531402269742,0.21023173156,0.182873828314,0.137521659653
0.808048184339,0.885371707992,0.661473010392,0.126054450943,0.108636117912,0.0980598115654
0.599580393861,0.238064947197,0.0672110718386,0.450141618892,0.0453801148729,0.28721393549
0.622874301317,0.805719613078,0.404816878416,0.295835905475,0.251475989185,0.200221805481
0.49874500332,0.0937145756578,0.0197659965536,0.520355666065,0.00723407927007,0.341859200882
0.735454732672,0.900449867344,0.557638424747,0.215777138231,0.230750190676,0.140993600594
0.617595584975,0.706483332896,0.312375801831,0.309899107627,0.184789173242,0.212458740186
0.115407315301,0.56498853505,0.154355050603,0.537074916414,0.252238892033,0.360288804674
0.756705199084,0.939075374522,0.69905341937,0.177712580182,0.319760302453,0.120328000771
0.650141596168,0.769814848031,0.365734904705,0.291491423078,0.199718532078,0.196484790631
0.12150221471,0.443386134347,0.117053132351,0.513759697752,0.199924186188,0.335151718086
0.785376727779,0.897318049222,0.733645144328,0.107233725882,0.132784313793,0.0777707307361
0.685503768083,0.875563649086,0.500800773778,0.263658860161,0.28180891081,0.173028667522
0.766102585679,0.909028755086,0.77972684018,0.0988720502729,0.176071029715,0.0689838200826
0.749475388168,0.922293840051,0.622602243763,0.190574367092,0.240244115055,0.125724498698
0.344129859134,0.332138732381,0.100949047112,0.453406037676,0.133315368428,0.289349402136
0.710503465936,0.716722047785,0.321700203411,0.28947580047,0.145233380007,0.194757942988
0.950823310245,0.724129710804,0.306871739473,0.269156382009,0.0274349734769,0.177595289419
0.696184317317,0.882638597307,0.531843268397,0.266133131565,0.327290569013,0.175079920295
0.751449379859,0.934361065107,0.666656311257,0.197365471678,0.32461745274,0.129554951378
0.249311643029,0.608489056967,0.222052299316,0.488045281765,0.298881920658,0.315340384852
0.690786015541,0.842480592454,0.448752239958,0.261915122362,0.220882681934,0.171587035529
0.294563295571,0.0394422643224,0.00422626381132,0.560213394574,0.0200589033499,0.386331902643
0.767261898316,0.913141165776,0.692438041998,0.134780349403,0.193000608761,0.102713605452
0.762710754795,0.886227163097,0.865966319327,0.0548230108499,0.119048146817,0.0284373462714
0.695037210236,0.846513992403,0.454549934787,0.259241029823,0.220445872415,0.169382625869
0.236377520035,0.488142124586,0.162197128246,0.460776246027,0.216159494129,0.294812570972
0.30909764277,0.597475445924,0.231537107046,0.442521063695,0.271257584153,0.285281617619
0.793256577408,0.885049302745,0.795851123818,0.0775487249907,0.0724514715342,0.0472086187487
0.844342169545,0.866315145669,0.58325043891,0.155141009123,0.0799805868171,0.110990712288
0.439928238527,0.642767006415,0.268709820243,0.369875841717,0.237048223834,0.258333633547
0.761406479884,0.922692940883,0.737137261482,0.121905536353,0.214166612887,0.0935263795107
0.745428924654,0.912047881798,0.905534035583,0.0583300812129,0.238370542132,0.0303501986812
0.769971575752,0.881299231186,0.912866165533,0.0167821070922,0.0143572249993,0.00841268670238
0.742491051118,0.925128079842,0.616552250229,0.204427789223,0.270039288337,0.133912533984
0.928584473248,0.71408019425,0.301919244104,0.272736273169,0.036113752832,0.180586582337
0.772211135124,0.909781472042,0.689457645508,0.132672455939,0.179386942436,0.101864582291
0.765338881954,0.906739340344,0.796529922877,0.0919251514043,0.170066385463,0.0617899057852
0.914252433834,0.65817135269,0.258570030543,0.291306821931,0.0349753264481,0.196326453565
0.740102621088,0.870760646445,0.504555646828,0.227374198365,0.198075727409,0.148328937315
0.655954578262,0.753798319754,0.352253424551,0.291986605015,0.188633104486,0.196909702906
0.754272469566,0.937172940614,0.676146491279,0.187492673443,0.308228882293,0.12442647505
0.294086627359,0.643957514395,0.249568073211,0.494083567995,0.332081118422,0.319952928446
0.724700211289,0.894272853315,0.534589381705,0.230349775878,0.237277918922,0.150227289672
0.0241677364872,0.42780794276,0.0838586575954,0.562438071088,0.175877309494,0.388868736876
0.486359924938,0.717681268581,0.334058986897,0.361611380231,0.29361146185,0.252124345213
0.734051757477,0.679100635521,0.294064876354,0.293971208821,0.124961412261,0.198615339131
0.593241766183,0.577664957955,0.227714508888,0.337336149815,0.144110731894,0.234181782479
0.428190500129,0.0981812632193,0.0267979586273,0.514987744098,0.0331682796881,0.336108868877
0.419366091421,0.662902230795,0.286431179749,0.384395372198,0.273257712668,0.269366472441
0.418830512109,0.681607521542,0.308859596821,0.423667299114,0.335617346208,0.280459369575
0.495824677612,0.270687477954,0.0813496544658,0.441747087229,0.0839827932077,0.285084822261
0.741217275918,0.911015939006,0.972095602253,0.0303361295691,0.333264875922,0.0153954890817
0.619787409058,0.682222703182,0.293425271347,0.314565432055,0.171292030436,0.216566396719
0.816653998683,0.885151799082,0.723545117609,0.100763331518,0.0653282137337,0.0709590549666
0.844063866475,0.612420284885,0.240177289059,0.302229308403,0.0610838655565,0.205758410805
0.835387874607,0.848451681183,0.505603725775,0.198060676306,0.102350758992,0.12998224766
0.753306532066,0.585568549148,0.230400099559,0.313771178637,0.0915471497995,0.215865569206
0.157378592991,0.420533683356,0.117858748561,0.496737171691,0.191989033429,0.321987653718
0.757428235828,0.931036647332,0.694577436488,0.152542489382,0.241294776079,0.109926662709
0.57134783777,0.625360260525,0.255474917541,0.334169958097,0.168086195439,0.231874113986
0.747986946363,0.917120463567,0.886489483743,0.0690995228198,0.245339365772,0.0388317394323
0.76284667923,0.636292654554,0.26076026885,0.302405981719,0.0980518898574,0.205912035458
0.0137933886649,0.442872414924,0.0851044770171,0.568565504072,0.179924191554,0.395885782788
0.248328668005,0.4613689636,0.150652706505,0.45786045542,0.200467409042,0.292646913608
0.751800691548,0.932819115118,0.662799997663,0.201857965233,0.332357778149,0.13232257915
0.876215640126,0.870818589593,0.584485004699,0.148316872769,0.0389293150394,0.10820114886
0.274768240608,0.653820781576,0.23980620272,0.516334790598,0.335396012313,0.33747560826
0.185162927198,0.616429211204,0.195302402153,0.528311102352,0.293890379982,0.350587826358
0.747957043008,0.932138027776,0.646502137973,0.192197107275,0.277074454752,0.126409276206
0.743458978288,0.91147795025,0.917685802558,0.0522668693449,0.247834523115,0.0270502559379
0.474246511911,0.567991368738,0.222259354806,0.362615772851,0.18197232731,0.252876237764
0.398775730081,0.223835572203,0.0630274866572,0.473864366311,0.088175955396,0.304603333955
0.297340875342,0.505806851625,0.179540637475,0.431962205745,0.210966401829,0.28258826039
0.792373882678,0.884898268855,0.850974450039,0.0504511660662,0.0184962567817,0.0260685992114
0.671962678606,0.861548422063,0.498099280788,0.281928934308,0.32516899943,0.188331358911
0.744130855554,0.898951154015,0.910594734002,0.04463456194,0.196583926841,0.022944196621
0.71205356022,0.894147777427,0.55643832261,0.256879052992,0.333760937163,0.167445696366
0.230620826326,0.339939763766,0.0949529539118,0.48248070411,0.152357194767,0.311111205066
0.326830799896,0.625373368876,0.253105610019,0.445347384544,0.297361915496,0.285999406342
0.330710311426,0.639276224195,0.261537915617,0.4603035659,0.317757647241,0.294461111172
0.709150076093,0.796165490699,0.39548055073,0.269103892429,0.177742477075,0.17755153279
0.62242192082,0.821686210295,0.436436640775,0.302537005406,0.300011428889,0.206025989659
0.796878756376,0.88965773717,0.659157376367,0.131847465379,0.130766790464,0.101532693599
0.82929315982,0.863401422623,0.54891375379,0.178524934792,0.104410020365,0.120667215249
0.791188393257,0.875855231966,0.557252213463,0.187339401182,0.149461549173,0.124361998401
0.121646753389,0.48955662641,0.135014081813,0.515976846961,0.221448903164,0.337086288602
0.570560563414,0.361779476255,0.122807909457,0.384655114609,0.0899599358584,0.269565278567
0.669531320924,0.532045743382,0.200769879981,0.336157047748,0.103909893995,0.233321519727
0.734161465369,0.901318052503,1.0,0.0031229633333,0.310009544767,0.00154597023075
0.496304020958,0.360789670202,0.120863249558,0.400299629634,0.107099444701,0.274400435703
0.786517444987,0.883864114164,0.808956246044,0.0735922928666,0.0829281281847,0.0432682897035
0.354536644563,0.507273780306,0.186898387757,0.404241195783,0.196462492565,0.275428809259
0.843526263568,0.885266533187,0.703075399686,0.103253388815,0.0275972560194,0.0735705447984
0.769914323117,0.909969108498,0.747647393044,0.110129704664,0.174756308489,0.0808465641988
0.322038690551,0.518436846705,0.189012362959,0.419294208824,0.210058237681,0.279332400947
0.720443391695,0.808224370669,0.409971144289,0.262509226472,0.176458144133,0.172077839566
0.714704344412,0.900403368953,0.559708274024,0.247714025564,0.313373427372,0.161437644735
0.807463411257,0.833874434301,0.471566113665,0.217573104621,0.128078245717,0.142122983117
0.758391198258,0.940322590792,0.712051951508,0.168197906466,0.313280588241,0.116371330496
0.757205814142,0.922056257522,0.792094526307,0.102933903427,0.223158814729,0.0732347874797
0.561253338726,0.770599401952,0.385370812186,0.335022820099,0.303814956754,0.232494979223
0.645725021075,0.841485423706,0.459987872296,0.290415093402,0.299927073211,0.195562117603
0.771232086912,0.909856805647,0.678394931897,0.139359240295,0.18328404299,0.104563000846
0.403048256536,0.638410651525,0.267435318898,0.384003825721,0.256315045062,0.269066877677
0.0444047447144,0.592643964435,0.12347964456,0.574734938022,0.231057615655,0.40299514959
0.0888694104289,0.505463228571,0.126388285122,0.533807174555,0.219166698146,0.356661157416
0.479781858821,0.0806932134539,0.0134147935189,0.530555319367,0.00151839541135,0.353063502094
0.738767164203,0.888369295993,0.951517209852,0.0134963803237,0.168804589028,0.0067452773187
0.258362279506,0.624837279717,0.227976265254,0.497769794935,0.310069560611,0.32278071385
0.132340498495,0.534151909664,0.152729450136,0.52011270957,0.241913191939,0.341593794742
0.757109872022,0.935648025194,0.766951716376,0.122162839432,0.266836231349,0.0938065268845
0.666700765106,0.511779353393,0.189957865957,0.341135056351,0.0992540610005,0.236960521258
0.173848747107,0.0,0.0,0.577815502447,0.0102998422047,0.406561657116
0.763448317444,0.920428417871,0.685129696867,0.145565693185,0.208468731374,0.107080911753
0.920321585668,0.751604300718,0.344224604465,0.25586893931,0.0457175273966,0.166780437839
0.745812094909,0.929463585704,0.633802334514,0.197519340852,0.274293060686,0.129649493636
0.925695725959,0.864737003196,0.518517514344,0.177541067192,0.0145560869132,0.120256410326
0.891200888872,0.80623177058,0.425067083899,0.223375804035,0.0633961803794,0.145788499963
0.462276205648,0.31579673131,0.0995082437072,0.427521299941,0.102996676453,0.281449924977
0.741926031551,0.619710040113,0.250119567151,0.308701888864,0.101376044908,0.211408658254
0.704190901215,0.345429245012,0.107985971926,0.385118262217,0.0439667845451,0.269919897353
0.286993798129,0.410999975754,0.131060232404,0.451397112897,0.171579418436,0.287866562944
0.100639373917,0.125196499588,0.0239443609832,0.568916421707,0.093175969337,0.396288972786
0.594125527413,0.186857342141,0.051649396673,0.467967202191,0.0289138213272,0.300177748036
0.291156859634,0.369200484169,0.114514300298,0.456060579378,0.157821638693,0.291312912287
0.424080451248,0.321570781072,0.101571563665,0.432727228517,0.114677891703,0.282784026384
0.0570948346814,0.30531766602,0.0612455939807,0.553703903704,0.141783250098,0.378942164662
0.713226089876,0.338458228963,0.103199290684,0.390410492521,0.0382933990869,0.271808923581
0.392840247382,0.49650172115,0.182689558093,0.392114717782,0.178260782758,0.272256688972
0.185871542958,0.487438812529,0.153076304934,0.482461910396,0.222904789996,0.311096958011
0.527632003954,0.73176701162,0.378922102491,0.389161094262,0.379492701003,0.271480352345
0.561506683978,0.732052078624,0.415577437374,0.46962024798,0.529117999832,0.301415956711
0.44924574586,0.710873051881,0.332710024818,0.503143866915,0.435548331044,0.326919501499
0.699389189701,0.798124001672,0.57151719197,0.339639040015,0.620389315157,0.235864959679
0.615689181424,0.750232298691,0.475568466125,0.433373173613,0.597038343091,0.282949245102
0.557026500325,0.795415408493,0.419974108632,0.5704178361,0.628385944082,0.398015660568
0.487981022047,0.774563088038,0.345261253547,0.571831563721,0.502762493082,0.399643908968
0.456213228974,0.737777065619,0.333458457122,0.538490406349,0.46308294264,0.361864062063
0.588596812118,0.739503545708,0.429145741962,0.418026670614,0.487195313083,0.279005154468
0.665033174467,0.787800169678,0.492707109002,0.347372796782,0.471504593228,0.241546623213
0.38953474582,0.764299879835,0.262861101399,0.601559252933,0.408857880733,0.434422127619
0.432155765029,0.765826581753,0.297739766427,0.583421179239,0.443675668988,0.413079984501
0.535771923267,0.770831909029,0.399131542576,0.547052461246,0.57244951708,0.371442306354
0.523740751775,0.766625131298,0.38549887726,0.545942663099,0.547763409842,0.37019596981
0.444105439021,0.75855726543,0.314694605945,0.56888127878,0.457432351791,0.396248590606
0.61310981776,0.754907736397,0.490187828108,0.451954368614,0.655838353126,0.288277618779
0.410526776703,0.696204012861,0.308913432785,0.503079286618,0.404608292377,0.326869650706
0.508826706535,0.763316339886,0.370967229912,0.547546064335,0.525226210776,0.371997097727
0.478482336084,0.743552444933,0.348246223919,0.536470649279,0.482188928062,0.359617047465
0.344553158884,0.695852460931,0.271451344319,0.531418721663,0.379669912792,0.354017516141
0.531610222126,0.778295399007,0.391685167654,0.556083369309,0.565886625636,0.381637665413
0.574307407346,0.740492948408,0.435355169078,0.477705136859,0.575434992862,0.307498136401
0.499456141086,0.775265916526,0.356164522028,0.566966725681,0.515633789367,0.394050667116
0.313008998688,0.679276784924,0.259036632738,0.524705466414,0.36210947798,0.346622617442
0.482128550921,0.709772036382,0.352318436993,0.472220486107,0.434271843088,0.303367338307
0.501864912678,0.76040489261,0.364554893024,0.547243873919,0.514687072715,0.371657413397
0.603311252378,0.753412227665,0.480684514263,0.463609605797,0.651649038716,0.296922430034
0.417937501878,0.712420595721,0.312839639217,0.522867367271,0.424609570736,0.344607044862
0.526647764058,0.799498023074,0.372438629662,0.58440230259,0.553713658793,0.414224610081
0.543962022677,0.748817074134,0.409776804959,0.517920992471,0.568393013875,0.339202649125
0.272217072381,0.710660255696,0.226730491215,0.573380625205,0.349453378841,0.401430700168
0.473750097684,0.739690573962,0.344876936189,0.534132275059,0.475536882254,0.357021504771
0.275000767059,0.694226194148,0.234492775996,0.553426171215,0.348939206209,0.378627974624
0.47790762889,0.707255239152,0.348689014847,0.466665293681,0.423750503977,0.299203839684
0.424974441364,0.774272981185,0.283860832302,0.599654573447,0.436045302439,0.432162967091
0.362527023172,0.755354962272,0.255252033995,0.596863214643,0.39689321356,0.42885974373
0.884482716723,0.884922573921,0.620121486894,0.128212593626,0.00998153952451,0.100073107175
0.666320455927,0.660748335084,0.279301637127,0.309335877612,0.144831210687,0.211964536679
0.770823203975,0.895305464393,0.586018982139,0.185004236338,0.180408869074,0.123380640545
0.794695159734,0.744371029248,0.349551736346,0.266966879432,0.113715841669,0.175772615768
0.711216565695,0.872080160346,0.495512005349,0.243278905423,0.228533452239,0.158552844698
0.762835208121,0.8120222633,0.424467055048,0.24625979572,0.152602800574,0.160490123809
0.602435026697,0.696672290036,0.305165272882,0.314709799718,0.18775763797,0.216693856361
0.801204631182,0.887618546641,0.682189952309,0.120198458313,0.115762106175,0.0916710803949
0.758874725069,0.925251448649,0.747604496099,0.120231213589,0.226173581856,0.0917066243583
0.667618264548,0.663993839888,0.281616442356,0.308417923673,0.145543997317,0.211159817147
0.748279440896,0.913668155306,0.603941583368,0.194073979919,0.229163588033,0.127536809907
0.759082881619,0.931110858767,0.730252939135,0.131762052561,0.237960459904,0.10149834581
0.567511415702,0.732008331216,0.334089253584,0.319736845624,0.227886937065,0.221146207811
0.746417264337,0.9161922026,0.896903871195,0.0651798073028,0.250991342229,0.0349940214357
0.782408522641,0.889747066997,0.791564321022,0.0833700398197,0.108554618352,0.0530631207912
0.747479377085,0.934032191471,0.656251913535,0.191898345878,0.292853466363,0.126283136456
0.742050610001,0.928661886941,0.629817890671,0.202860207933,0.286292008072,0.132942079316
0.882744567933,0.760843043353,0.360458399493,0.25263163226,0.0664117557779,0.16465350914
0.893175792923,0.75059352808,0.351071957477,0.254753528631,0.0619926783591,0.166046720049
0.744400729708,0.92741658216,0.637794186898,0.212736171617,0.327003323649,0.139086818022
0.753506264392,0.931208869122,0.675952169875,0.165755824433,0.252046513271,0.115360654899
0.815181517077,0.871589307454,0.579052311489,0.166537974214,0.118166003572,0.115684138399
0.758660512511,0.903340343961,0.839436145918,0.0760347444171,0.17165033915,0.0456971068194
0.701466910985,0.81172059108,0.413636667423,0.265612297875,0.192303417012,0.174647580063
0.756621781985,0.918618175825,0.811978896551,0.0940868497245,0.215213684235,0.0640181332862
0.856478219302,0.872777277073,0.619647886781,0.132178956211,0.050532521919,0.101666022906
0.77717589219,0.875213844862,0.538850314638,0.200848962687,0.164948085429,0.131699660052
0.749362746188,0.920153245077,0.874493301481,0.0749616086127,0.250101781906,0.044628494263
0.784203087671,0.89018748049,0.777235710375,0.0886342436381,0.112909896674,0.058415650101
0.970037567611,0.813687331145,0.395533920793,0.231166518186,0.0123081485238,0.150749514659
0.981618382008,0.780312897385,0.347891238877,0.251639245084,0.0101898086298,0.164003079421
0.810724089947,0.800088812511,0.417245158956,0.238573285517,0.118653815692,0.155508217416
0.950397145577,0.630378033236,0.229732569563,0.302568233515,0.014344669625,0.206053149977
0.85629551626,0.84977367361,0.524132098272,0.183426448094,0.0811657604898,0.122718601471
0.76504210723,0.901056818184,0.806560952184,0.0858653530516,0.162810662861,0.0555933958742
0.757544031675,0.941133484892,0.73899846868,0.145812678196,0.296694381871,0.107181377195
0.750548021726,0.860916322328,0.491872895264,0.227415873743,0.182140013044,0.148355479736
1.0,0.764216686721,0.318557045364,0.264067197722,0.0,0.173366736564
0.813431030319,0.885374304419,0.731262216393,0.0985053777529,0.0675255672435,0.0686016990174
0.678543677635,0.833163629598,0.436047821164,0.268620721105,0.224053557498,0.177148893269
0.80850518237,0.875714416534,0.590608143594,0.163024784847,0.125995493534,0.114232745873
0.755297235923,0.936047810176,0.68823779777,0.166190852531,0.268249099807,0.115540550211
0.622469039389,0.809147024385,0.409657860755,0.295615435285,0.256922593408,0.20003167214
0.654175840535,0.837487062483,0.442549387169,0.279472624557,0.256245948052,0.186252974318
0.758620905871,0.931071538704,0.708444551276,0.144151888043,0.23862000251,0.10650621287
0.831467956621,0.841850363668,0.490402919223,0.205112011686,0.106622123128,0.134336699779
0.826685753683,0.834759150562,0.475868503043,0.211917070081,0.111005799622,0.138574400136
0.679498790994,0.769505947009,0.367058912142,0.283148554103,0.182642238203,0.189365757127
0.888494151617,0.855508134991,0.532122471339,0.173760184327,0.04645703113,0.118680738689
0.748554835133,0.930256140943,0.652439003025,0.183167690202,0.264902486361,0.122610104772
0.546133463925,0.797827406268,0.400861066663,0.574531080618,0.59554916431,0.40275952409
0.534477915375,0.733237600187,0.394859472668,0.496531296153,0.52208506805,0.321829623167
0.533030280638,0.808371347352,0.371298997907,0.596699159189,0.561327279182,0.428665887027
0.55715196486,0.743441922393,0.422304296324,0.500894290604,0.575615128691,0.325184671252
0.565420354596,0.764388490807,0.444007750339,0.525851141355,0.642313318166,0.347880901829
0.589011187695,0.820462135377,0.45776043283,0.597853898938,0.727272856324,0.430031053521
0.605838218939,0.750229250108,0.473251399903,0.455173031824,0.623488604371,0.290655890056
0.51741863885,0.783994118021,0.371727166112,0.567998142179,0.540693416442,0.395234209718
0.541515591091,0.73167953213,0.400225176072,0.48838678058,0.523078447089,0.315600601084
0.625678159111,0.77405917485,0.273385470173,0.856942144883,0.719253191667,0.775636076877
0.836347718989,1.0,0.220572610393,0.965014225973,0.695649458216,0.942926285866
0.788232617816,0.869805142083,0.223588979499,0.940373888965,0.690420132946,0.903585925585
0.57086754998,0.858364574095,0.269289154384,1.0,0.905741113501,1.0
0.681570435404,0.896886392559,0.354464037541,0.882881731426,0.879130325461,0.814547384494
0.701140418349,0.707984955435,0.213708398956,0.964635664291,0.787475757082,0.942316529552
0.67143894295,0.931296584973,0.344840966717,0.99763928418,1.0,0.996103973194
0.622394247352,0.915726379787,0.32175902634,0.976452062805,0.937586579061,0.961428294697
0.620212141331,0.822976039958,0.308839112731,0.85315057185,0.76205435048,0.770014146997
0.637050357859,0.757803855122,0.260876633593,0.868217383658,0.717828664404,0.792453391917
